mu,delay
10.0,0.11701332308467707
10.0,0.03581769275929952
10.0,0.11849085948073551
10.0,0.040841791998449645
10.0,0.03236462593187022
10.0,0.38207640654704844
10.0,0.14454197740837846
10.0,0.19524446908742316
10.0,0.17024163533311973
