mu,delay
8.0,0.22705813932136226
8.0,0.20366851769063624
8.0,0.11901667593951351
8.0,0.17535704403896477
8.0,0.24527209450423473
8.0,0.04577944059302671
8.0,0.20016389035589507
8.0,0.17150828923642017
